{
    "imgHeight": 1080,
    "imgWidth": 1920,
    "objects": [
        {
            "label": "SL",
            "polygon": [
                [
                    969.1131498470947,
                    785.9327217125382
                ],
                [
                    969.1131498470947,
                    800.3058103975535
                ],
                [
                    1075.8409785932722,
                    802.1406727828746
                ],
                [
                    1165.7492354740061,
                    796.6360856269113
                ],
                [
                    1146.177370030581,
                    781.9571865443424
                ],
                [
                    1056.880733944954,
                    784.7094801223242
                ]
            ]
        }
    ]
}